Time (s),X (m),Y (m),Z (m),Roll (deg),Pitch (deg),Yaw (deg)
0.0,0.009934283060224654,4.981556693516447,0.0024459500606456757,-0.15137143926128271,3.167345209029854,-0.13354815690998914
0.05,0.028625748520483798,4.9993285736676105,0.03165595532068672,-0.040894780266742814,3.1494958170959118,0.05752773601588729
0.10000000000000002,0.05678842264543784,5.008228868170292,0.05476303734929585,0.08632130946670206,3.053146209802307,0.12010835771264601
0.19999999999999998,0.11370636100557589,5.016341259267947,0.1042183319371065,0.3947462317101778,3.0178308565755274,0.40071411181221156
0.3,0.16313293526934072,5.021764368958151,0.14591640049148555,0.7196253242336788,2.9882225500468844,0.568808747104361
0.39999999999999997,0.20730493626458366,5.005776944786074,0.19117132723897454,0.9656744032789485,2.9765313531913393,0.8172643404443342
0.5,0.25771033312016095,4.992432191052868,0.23155001415228402,1.2300749156940036,2.954695533052026,1.025367860232838
0.6000000000000001,0.3143934423975003,4.965271906630289,0.297893803692242,1.4373961742975414,2.9527415334512024,1.1981665630072922
0.7000000000000002,0.36280040070175246,4.977114873213662,0.34402072157330643,1.7316862698550102,2.922767656442675,1.354717163128165
0.8000000000000002,0.40583028675322036,4.985986997406081,0.3987520553999983,1.9880012260774713,2.829450489776276,1.4910706306652253
0.9,0.4475255527889435,4.993188176300617,0.4322988286749574,2.261544123577023,2.772113697082755,1.7685887113186773
1.0,0.4974065284513784,4.980296657822951,0.4965574127571955,2.4698148126173245,2.7740979461226125,1.9645144483065493
1.1000000000000003,0.5452086401227594,4.963149131201721,0.5492104495538881,2.6024959496346427,2.7741620150990873,2.089562572581064
1.2000000000000002,0.5852940997319017,4.974045922933173,0.612318111808841,2.710475570947876,2.6983511257590855,2.23991131560012
1.3,0.6265908688840526,4.966765770397443,0.651862011800919,2.8980055790817096,2.644827927222622,2.508947544779712
1.4000000000000001,0.6708557455198058,4.9682273994804245,0.7056883040710243,3.115668123015127,2.520570339234663,2.843361456374692
1.5,0.7264155130062133,4.949494813210369,0.7418010432314679,3.3414387940935364,2.478404533782004,3.042961372918812
1.6000000000000003,0.7894920048115347,4.9440796847036514,0.810591974911583,3.539473202336211,2.4346852772361705,3.210855792684581
1.7000000000000002,0.8365894960900414,4.936588970988279,0.8508146910365607,3.7185528557360086,2.397724770942155,3.4093104255018116
1.8,0.8832441594871265,4.917733950028725,0.9084491427931393,3.9040626637305302,2.2841052019175905,3.562424414248144
1.9000000000000001,0.9401484719427438,4.908431695750855,0.9483733278141974,4.0370887760521645,2.113215942681045,3.763187941979244
2.0,0.9938306678101005,4.909756335458872,1.0090493112574042,4.180309395629986,2.0536612227176536,3.9310720471682212
2.1,1.05273076069087,4.913775989158434,1.055748588796706,4.332189042129337,1.9864941692262619,4.20837072786757
2.2000000000000006,1.082391768890182,4.910545472895344,1.1006579382589357,4.436330751329732,1.9445714993744396,4.4043278639339745
2.3000000000000003,1.1290889370316495,4.883393971955772,1.1481913540891198,4.585433108877733,1.8709652797340104,4.59912843466
2.4000000000000004,1.178085459887885,4.856143760146414,1.1984465918041145,4.663710914972862,1.7439119523137672,4.701210232170066
2.5,1.2284988712081037,4.832514908383384,1.2557379239143034,4.7853429469135715,1.6652052843328464,4.8962621748653
2.6,1.283097426596737,4.823641048164618,1.3201826674450519,4.834726134796302,1.4915464058153758,5.1102310982269215
2.7000000000000006,1.326689833581864,4.8243963847563585,1.3674460688891896,4.906561461302684,1.3972773822274718,5.360432208865531
2.8000000000000003,1.3806212877871917,4.800333362322563,1.4018881882466963,4.986295704368956,1.2657646482744187,5.584339963329647
2.9000000000000004,1.4221698735375385,4.796059852969902,1.436562821247079,5.008545410396123,1.1982931139351212,5.784118756271255
3.0,1.48644429916594,4.773133742814474,1.5074774953981598,5.004247017200821,1.0758744594985477,6.005443584051151
3.1,1.5360728351851123,4.766515204162496,1.561251684808889,4.995960266917112,0.9646795284652688,6.209159569031384
3.1999999999999997,1.5806541759628174,4.734038930202325,1.6227676771675243,4.947215324249469,0.8705218672876534,6.36217273349514
3.3000000000000003,1.6212533803090636,4.708053431118135,1.666754287010339,4.957716970701887,0.7527230051268011,6.566703997533864
3.4000000000000004,1.660506482206399,4.699907600085759,1.7184215291854166,4.9185797598942536,0.5868047882261863,6.781362410820286
3.5,1.7160856538331728,4.690192882617997,1.7612873043436916,4.91140440893632,0.49983760307075603,7.0186859283620535
3.6,1.7445014533001988,4.675204987894975,1.8109586097373722,4.85285182256719,0.4418778388412698,7.206021928699791
3.6999999999999997,1.7905736072365686,4.643194863403356,1.8621216797421756,4.728421422094546,0.33316232772904336,7.39315526985651
3.8000000000000003,1.8371005612557836,4.622112905925797,1.9069712568135913,4.642254627288389,0.17820553275049097,7.611743164178783
3.9,1.901509656521099,4.6230205360874175,1.94223740656641,4.563004414125025,-0.004479908989834913,7.762962830544999
4.0,1.9577381163407555,4.610642430958909,1.9879998799683742,4.532831730284794,-0.072544512229587,7.99412475256717
4.1000000000000005,2.0016914494463873,4.583118176691714,2.03502856540195,4.407282808586969,-0.20551017073544883,8.159095934923245
4.2,2.040598414476756,4.550152672215879,2.080746836383193,4.32571384653245,-0.3160091163643563,8.441610308650503
4.300000000000001,2.0752327078023347,4.52940819143225,2.1377391043762066,4.160069530502411,-0.46984593596708946,8.64288273727348
4.400000000000001,2.1166298700483916,4.500338503567374,2.1869344664695887,4.0847469922825805,-0.6208867844646303,8.8083687719885
4.500000000000001,2.160778477106437,4.480051071302228,2.2466526409932754,3.90480724527985,-0.7609260969744115,8.970537740799573
4.6000000000000005,2.22267747240546,4.458315706524764,2.28605278023019,3.7504337448442975,-0.8787513138961661,9.121011220148874
4.7,2.274539958108969,4.4584743606208095,2.3433918033186774,3.6062788406857718,-0.9729201116117473,9.340608559352411
4.800000000000001,2.3104035842223465,4.448254968838223,2.397390090317465,3.3723502841611386,-1.0797269365785718,9.622087811961222
4.900000000000001,2.3498320845520766,4.433953755395007,2.4444711570083464,3.2361943191314517,-1.1411111262677787,9.80314703202952
5.000000000000001,2.3890541996545522,4.40372742980333,2.494758999259234,3.014070928046344,-1.1993234890782827,10.01075392341744
5.1000000000000005,2.440135403475895,4.359793084891297,2.547386599464996,2.827732598280606,-1.3028302683664637,10.159735671942977
5.2,2.4856490232732757,4.344770897756625,2.602613896957531,2.63277363113896,-1.4234465258132705,10.348223090868002
5.300000000000001,2.5384374765763673,4.321856901450542,2.661270669070799,2.373912941454918,-1.5598882114240704,10.553551959792355
5.400000000000001,2.5922539758507193,4.303793840091333,2.7058796691834175,2.1828227697849143,-1.6258387092687465,10.757320767447261
5.5,2.6254194449636894,4.260515674986692,2.759243863602969,1.9166806691851812,-1.7296404538806947,10.986297071503714
5.6000000000000005,2.659061460776135,4.235053606829123,2.7977215871729997,1.687368815137319,-1.8170710578890683,11.196373533265591
5.7,2.6973725292934083,4.207186888563012,2.848650306527371,1.4674198652027337,-1.9092842650821629,11.368147354142307
5.800000000000001,2.751512321948875,4.176290922575789,2.9038570881751764,1.244249589937304,-2.0425024657730497,11.528760357315699
5.900000000000001,2.7921466173040255,4.143674030808085,2.957820588642537,0.9465121417405875,-2.124450732585765,11.74259302632367
6.0,2.830189673431255,4.116352024969959,2.9979605852718634,0.7166553957619578,-2.193708658003517,12.018735199126857
6.1000000000000005,2.8575173687979354,4.088074902478886,3.048582954822687,0.3867193972628007,-2.2571183049326375,12.269830930458996
6.2,2.89365762713509,4.058079812540096,3.0855664848936786,0.23020991080376815,-2.3603839007893375,12.46661996065594
6.300000000000001,2.9409421612319946,4.029712269257504,3.140962801771883,-0.025442568831278906,-2.4389562039914936,12.63121295010493
6.400000000000001,2.9976947365803976,4.001935822759793,3.1838076786685434,-0.25601804517626114,-2.488364467310935,12.78828854586059
6.5,3.0452262033156736,3.986614286543548,3.2383289090306455,-0.5530274728796353,-2.517728980194713,13.03753023055666
6.6000000000000005,3.086233826609272,3.93773313296391,3.2973110372743726,-0.8749875134664521,-2.5214663921758538,13.221183765266858
6.7,3.119030830389832,3.9158162270959855,3.3606124890214333,-1.0913626126301088,-2.596238407300719,13.51789001178805
6.800000000000001,3.1543273165838905,3.8828114809549876,3.4195769427780793,-1.3309296434464484,-2.7292939821464297,13.6367050899996
6.900000000000001,3.188849234969885,3.8549878804676183,3.4540542365121922,-1.5078862301149727,-2.8448404802760785,13.890562860870766
7.0,3.2351764835844548,3.8133668462269004,3.4946694460435985,-1.6930570129999092,-2.8370151173383764,14.062006147368956
7.1000000000000005,3.2774009246035978,3.7701411960765916,3.5486958432374123,-1.8678979608114243,-2.8365824452167185,14.3048752500815
7.2,3.323259157882313,3.7417590780951637,3.606922707759496,-2.1392979477164786,-2.8315940165386047,14.452074001141343
7.300000000000001,3.333047514422956,3.7056610220368924,3.674494294357338,-2.4110955910828387,-2.928958990021297,14.617951197404372
7.400000000000001,3.3759391847992917,3.667163688395302,3.719029095286773,-2.7288011169290205,-2.922179340994555,14.839534249825087
7.5,3.402924891060209,3.65428991664297,3.769364643305774,-2.945376588737983,-3.010111979575596,15.03641209700825
7.6000000000000005,3.4548920210830545,3.6314084019834847,3.8018416699445456,-3.10755579877104,-2.9227256484390503,15.179127394157826
7.7,3.486175508192583,3.6126220568173117,3.8501098237137987,-3.191263165648118,-2.889180148546983,15.30187012348513
7.800000000000001,3.5081477804854173,3.57072524247366,3.8978130306946617,-3.39109618106723,-2.8995266936709374,15.490996602750437
7.900000000000001,3.544128104023216,3.5215787742715996,3.9545945316339353,-3.6199689745468437,-2.975348865441074,15.766898892308859
8.0,3.5809933746059452,3.4738714300955564,4.010082274380684,-3.842633752634118,-3.0085081299249197,16.002252158069098
8.1,3.6388340565170414,3.4362409328024164,4.055858810219835,-3.950631729907298,-2.9864636598399996,16.24907937613531
8.200000000000001,3.6712188679982005,3.3991938437580873,4.0922631993515255,-4.10650504821212,-2.955491597091216,16.373709347895172
8.300000000000002,3.6974580695033623,3.3706762898837037,4.1236438147522065,-4.229907018143674,-2.964380118321042,16.580381895408674
8.4,3.717901354603517,3.3287065211500777,4.182270353335009,-4.382894113613645,-2.991826077016635,16.67915022823598
8.500000000000002,3.760727823152212,3.296916414647001,4.233789462317569,-4.473359464768881,-2.962451989594521,16.969510700220074
8.600000000000001,3.80120248299364,3.259134027231697,4.281678227518575,-4.575080033225661,-2.9533300194574728,17.16157581185517
8.700000000000001,3.833529918190218,3.2256029491519875,4.330882142702698,-4.653425838764488,-2.8682343544288713,17.436162118435547
8.8,3.862980994678871,3.187277910779599,4.404857916860076,-4.750168832538072,-2.7775832939673144,17.582042276566415
8.9,3.893183125280091,3.1515310780651102,4.4691700480694925,-4.842827867780136,-2.749949748593488,17.82783973143641
9.0,3.934530594560392,3.1023115759549227,4.52216946253563,-4.904723683103545,-2.6554962836366474,18.048576887837562
9.100000000000001,3.957394911896358,3.069462804556288,4.556094994809729,-4.9490410927701065,-2.657705345363892,18.29682446329095
9.200000000000001,3.985135032683875,3.0260196376147057,4.60547620319872,-4.988221169884453,-2.5657231058108443,18.44985839067358
9.3,4.006237279584714,2.9911918761070893,4.656013441255628,-4.953786497328892,-2.502942019927758,18.634462811381454
9.4,4.030934008478028,2.9489897469097763,4.70353274857072,-4.932091790304635,-2.4147494906033837,18.791448249014813
9.5,4.064461936997813,2.8961299876560154,4.755974628352473,-4.930164882278305,-2.3149365498736287,19.024284012544285
9.600000000000001,4.097779048055453,2.863497987594915,4.801992103840529,-4.944593438482459,-2.2337481746976025,19.259938132845246
9.700000000000001,4.136123013591611,2.818948515374237,4.849473331110834,-4.946351109153958,-2.1771918351065693,19.519188237110793
9.8,4.160725648021217,2.7823792432618966,4.904304331347263,-4.856961711576731,-2.1341377306461777,19.666349632816523
9.9,4.177274927042093,2.741508749152406,4.950993280927988,-4.8151683498145275,-2.1166843289868873,19.823414180248164
10.0,4.201743992056115,2.696067763138638,5.000408916222322,-4.742777864975426,-2.0439784319354724,19.944622443456904
10.100000000000001,4.227909881749841,2.647914659083111,5.047372032849214,-4.690144143577823,-1.832956026474618,20.188022202823007
10.200000000000001,4.258460512203211,2.5880296349237315,5.092548644681911,-4.666232033062653,-1.6599959364036296,20.390995072675988
10.3,4.286226880652745,2.5539895523003593,5.147774820127657,-4.600057522366583,-1.5793837162982374,20.571772579483536
10.4,4.316813989216111,2.5118099263262708,5.194137294526226,-4.543311938604994,-1.6209561802576493,20.713966774313935
10.5,4.359914565612963,2.4905998101806124,5.25736638484371,-4.363685964969248,-1.543053693332453,20.88950869732706
10.600000000000001,4.386897450828521,2.429145167445343,5.310343165347116,-4.135152382909422,-1.3740944335279293,21.14180725040677
10.700000000000001,4.41022841653946,2.4052115993872736,5.360237112266443,-3.877361534705358,-1.2038524701645457,21.340217480689887
10.800000000000002,4.421026591267117,2.350900229646684,5.408449583822235,-3.7072077149244453,-1.1185392383386379,21.562621401559753
10.9,4.4304990240575,2.3198798256151782,5.46455297926315,-3.5849636819395276,-1.0292549647740639,21.781032513429135
11.0,4.451590060274854,2.2604509101944634,5.518438561030464,-3.5468345608181635,-0.9232579605507163,22.01487277354381
11.100000000000001,4.475027113991264,2.216991833511145,5.5630558031680835,-3.4048409364963668,-0.7970583047628844,22.176713765893457
11.200000000000001,4.526331918372144,2.1724501670817484,5.595042177958969,-3.2580873024924855,-0.7507246478795869,22.40328821647599
11.300000000000002,4.546867621836324,2.138284952235004,5.634222684829453,-3.021156440164725,-0.652080708418361,22.66494409131155
11.4,4.5696655661923025,2.091018886809479,5.682118836001465,-2.8036928401713133,-0.5651736093564776,22.874018425188613
11.5,4.573747405965934,2.04669633236225,5.736800996202738,-2.5813140656688547,-0.3664779822175623,23.01865595706957
11.600000000000001,4.587517128180765,1.991137205650501,5.792655278603338,-2.408393264810046,-0.13989282037297787,23.179849308813687
11.700000000000001,4.612945751574473,1.9440166896391542,5.845067776131683,-2.1538541078715983,0.020500256020712117,23.384033712283678
11.800000000000002,4.6375498143860865,1.898892261112455,5.90266247584179,-1.9446302485663278,0.12412769524239071,23.599792702833398
11.9,4.669512028002321,1.8435503368569088,5.953438959341298,-1.6367644933485412,0.1752280797540232,23.808074219043817
12.0,4.674263941449198,1.7883913662884254,6.006304637467493,-1.3545606186760526,0.29872229404409506,23.95636332878514
12.100000000000001,4.696570331754029,1.74456257188182,6.053203181870515,-1.1079614865415304,0.44241072497733686,24.204953312969007
12.200000000000001,4.699450638295912,1.710194418500099,6.090503396615216,-0.9559066505260976,0.5505361884464629,24.382720892055826
12.300000000000002,4.726455598446801,1.6708755711041956,6.13099781636425,-0.787928904443942,0.720821634025446,24.632649656820664
12.4,4.748265445606825,1.6187960634965164,6.179607403227372,-0.472278617350212,0.7859570627791913,24.785731774184857
12.5,4.767093443289266,1.5725644740343858,6.234712548717457,-0.07331443588986891,0.8971756642814809,24.9820567352079
12.600000000000001,4.775017171358502,1.5226252792189119,6.294974309542891,0.14499137558947547,0.9120433888623394,25.13806646324514
12.700000000000001,4.776213877843083,1.4695934335569383,6.35613989879666,0.37439673086082453,1.0810117817239753,25.390872209300966
12.800000000000002,4.794118820009108,1.4207134683522924,6.422329609426915,0.5423218094618141,1.1456322773337864,25.5935020852093
12.9,4.80173526505352,1.369777640535703,6.466907132087406,0.8270335117438554,1.2717290020807879,25.86597553300571
13.0,4.815226494657492,1.3295377285776715,6.516640300784114,1.1438066117403487,1.3504290458609745,26.04786258444307
13.100000000000001,4.824717700780414,1.2685974971751266,6.559506338154146,1.351716712100548,1.5183852349168394,26.21244631478204
13.200000000000001,4.850946394031509,1.2335680612899573,6.608682050819561,1.602912754968813,1.665303643052499,26.413461973734968
13.300000000000002,4.8566091294422185,1.1854599849275977,6.644654525483621,1.7656739795334582,1.733428241575172,26.572822278352543
13.4,4.885787813081166,1.1498611329190573,6.6916469445256865,2.0828037184233392,1.799805804742021,26.8350867194451
13.5,4.888685882451809,1.1007807226593493,6.741306338876199,2.303394330898898,1.8397178172804651,26.948396742132207
13.600000000000001,4.903457500077487,1.0598530910548687,6.796531798115641,2.5182357128758754,1.9304268933921123,27.15401496848746
13.700000000000001,4.908848339736003,1.0159239336008852,6.849618755899228,2.6829807008098085,2.0093068896059294,27.305695254120778
13.800000000000002,4.915674620201951,0.9480156851350046,6.902226908157192,2.8959734554429737,2.107290841123732,27.591011599820302
13.9,4.928657544190426,0.8792027122314625,6.954003721139664,3.0743303553942187,2.3112792536169953,27.809982882740616
14.0,4.940775998838996,0.8190055883750319,7.010870869764574,3.3004463382060867,2.4104966796787113,28.00648937477268
14.100000000000001,4.94660011945222,0.7820978439831255,7.067180923866494,3.46329328223455,2.448690151175745,28.168341480945674
14.200000000000001,4.954155996192937,0.7446451888086506,7.104368682945186,3.6627771939522407,2.41896674744773,28.348984495748155
14.300000000000002,4.95452134175577,0.6944630158777891,7.12940490021393,3.8074542353665213,2.504623486005609,28.542683951331714
14.4,4.977302096107807,0.645954686399032,7.17930333871925,4.014162653069763,2.6821454741734443,28.79448920331932
14.5,4.974181204102517,0.5878230300024371,7.230090133852813,4.146822062931997,2.705936667032985,28.985871142256318
14.600000000000001,4.969505610696789,0.5388795778181574,7.295617838739541,4.22536115735415,2.662810253488948,29.11885960918944
14.700000000000001,4.973136157822473,0.47849648390422733,7.331588285824218,4.355935560352411,2.70481145934304,29.27829941745364
14.800000000000002,4.988228041435712,0.4275669295370617,7.37868760756312,4.442568533110617,2.815502994501456,29.455988196773756
14.9,5.003068765902703,0.37277659798751817,7.433795795097104,4.583766176065645,2.8895784298239384,29.698511943569113
15.0,5.005768190128418,0.3257522782051178,7.496657583006183,4.614253700353544,2.8808398100384274,29.869758457515754
15.100000000000001,5.002625447383739,0.28899983928787365,7.5548273832518715,4.770953540492186,2.8111945838291263,30.10802353393832
15.200000000000001,5.0053754508082084,0.24171976002291615,7.58394401644954,4.790336287833624,2.86679470364477,30.406687422061953
15.300000000000002,5.0073918760801055,0.21578742524681505,7.625241352392507,4.971476561419549,2.8817474937084255,30.65837445913154
15.4,5.00903573179341,0.16204417072449115,7.681696781766701,5.005329030415539,3.0175280692471618,30.83451073046325
15.5,5.021298828817451,0.11958258050246386,7.739110986589174,5.116085405833143,2.9959718816350036,31.005419509360667
15.600000000000001,5.023376985678798,0.0462774275827847,7.793975015709385,5.029370387072131,2.9954733950926045,31.179677016557864
15.700000000000001,5.020570442333261,-0.0023815776801958586,7.841260923345547,5.010924567146177,2.936597221612979,31.376740450526285
15.800000000000002,5.01238212782373,-0.05749075394634651,7.904982277134715,5.015604737426209,2.9768900875366975,31.52306488841283
15.9,5.002098564065587,-0.10098971833420574,7.954557080125615,5.021218679174192,2.9373789632559686,31.679973605195073
16.0,5.014161131276306,-0.13861636811543973,7.998172019514224,5.000067848513431,2.943030425411082,31.890129493948532
16.1,5.0158816249725175,-0.18542973029281537,8.052287219527981,4.943176512921738,2.884967012857268,32.1338766992203
16.200000000000003,5.014782239545233,-0.22857225923664584,8.100433153251705,4.860336912760039,2.9154217146778314,32.38905020377819
16.3,5.013332094544883,-0.3002936937944012,8.15673824926085,4.76990885620376,2.9318412004859495,32.5881820963986
16.400000000000002,5.005235471836735,-0.34982332922048925,8.1925393195226,4.681616556473919,2.926752525618022,32.751388778044706
16.500000000000004,5.012563780923884,-0.3955820191953417,8.240640968334837,4.635430618887706,2.871246557822572,32.97488444010136
16.600000000000005,5.014664840764959,-0.44493660332086354,8.284924313838056,4.5581815205040055,2.7547110375014143,33.14484560703472
16.700000000000003,5.005657336718958,-0.4824384620527998,8.339993126499055,4.353323338441853,2.708413728686151,33.40223807285273
16.8,4.9900347965192475,-0.5392940406542558,8.404359731374614,4.213070082240093,2.656912795093312,33.54855596583234
16.900000000000002,4.9658451815078655,-0.588578134936294,8.45111240851525,4.064780423142399,2.7396596993072078,33.76737918858546
17.000000000000004,4.955931703644919,-0.6460997115834141,8.491508306262228,4.016840167048357,2.6554223354669557,33.89261875177016
17.1,4.953836124862179,-0.6939245797801906,8.539904718577903,3.826725911781286,2.6445703862406016,34.109312580838186
17.200000000000003,4.954938949638874,-0.7355502454405695,8.597655235016433,3.6928223225888233,2.5250356884652283,34.36690417069923
17.3,4.954626247999836,-0.7996809834947083,8.65395182607788,3.550976951898939,2.502084671247886,34.63298461333454
17.400000000000002,4.95256511583823,-0.8603795199612665,8.701076721810564,3.3553764045412464,2.4386717158456843,34.88231208863167
17.500000000000004,4.941794911013475,-0.915458107694195,8.748434776059996,3.1404073305943534,2.340879425623271,35.067206424880204
17.600000000000005,4.940566022786477,-0.9546801101889786,8.815068659074706,2.877566580012059,2.2639133529281152,35.21322982764772
17.700000000000003,4.923721522128163,-0.9947946249652948,8.862655466967661,2.651170067952702,2.119451080154252,35.3695894497692
17.8,4.9317136453677515,-1.040960797036204,8.91344016117827,2.40375072613454,2.060409385323799,35.52617806060082
17.900000000000002,4.915649797322051,-1.098264003373568,8.96564881784306,2.245669135658122,1.9933495305911475,35.80731955168647
18.000000000000004,4.900667040857981,-1.148655576810351,9.007091212547444,2.098502333337833,1.880559405559313,35.97845290428318
18.1,4.863873641256863,-1.1944444939937957,9.065291257748477,1.906424728684405,1.6991758257546234,36.23424946490006
18.200000000000003,4.850913609965222,-1.2303666178402475,9.10290448686275,1.6672060539530402,1.5564742223804942,36.41966209710239
18.3,4.8426483089893795,-1.274129110217099,9.165620861612098,1.414014500740727,1.4486710057576566,36.720542392040464
18.400000000000002,4.841574385761807,-1.3209450955814634,9.22108363377688,1.133514138615188,1.38609585009364,36.87709624930651
18.5,4.8280576392333705,-1.3697877497353115,9.269301710901276,0.8789436795317677,1.3274029004065284,37.071075192288895
18.6,4.815126066218657,-1.425494854962534,9.30560064983631,0.6414486812843396,1.230016931158564,37.28614291344965
18.700000000000003,4.790305756964745,-1.4900189492751672,9.348257056144393,0.43945101224043087,1.119966887549424,37.47921107730618
18.8,4.762159077612543,-1.5379601951989088,9.393525592685606,0.21522772538258395,0.9681605675168204,37.604298997069094
18.900000000000002,4.7442987887405925,-1.5836998623185015,9.46197096013809,-0.037608148637210126,0.8976200860326092,37.66557693472087
19.0,4.7398096338538975,-1.6182513882154457,9.509814714725714,-0.3004870236631267,0.7086963750321758,37.90992205824737
19.100000000000005,4.735019005013828,-1.6769006531684916,9.56189734018198,-0.5529581549006021,0.5698788514087393,38.0983183928965
19.200000000000003,4.712902453884347,-1.7325994064813948,9.599705960570903,-0.8244051229522306,0.43096191030398007,38.34857475892883
19.3,4.691089472648181,-1.774324970472015,9.639814883100152,-1.1102918670681936,0.42735180055973104,38.53939479753475
19.400000000000002,4.674504699083079,-1.8128373146595715,9.685772933185497,-1.3933864611423539,0.31202858059683625,38.80833898903103
19.500000000000004,4.658724688819589,-1.8476668044863567,9.742544490532692,-1.6559263908078412,0.1228340712875472,39.03493111960177
19.600000000000005,4.639937970302209,-1.900893823042681,9.79714603726975,-1.883640564109647,-0.016370288493080115,39.227763675227166
19.700000000000003,4.618637646356891,-1.9466368184847134,9.84664405764194,-2.113050121257118,-0.1410781275624405,39.46422001777662
19.8,4.597329961534456,-1.990935667545876,9.892218983272492,-2.339510695342353,-0.2379829761867205,39.61829464294585
19.900000000000002,4.5786514109542855,-2.0403765602121786,9.954502972830056,-2.5464335587849667,-0.39893614060520344,39.788318476470536
20.0,4.561506263079418,-2.085542426476271,10.016275401452368,-2.817639142605767,-0.5028852459587484,39.9199343011844
20.100000000000005,4.555396123655128,-2.140279719539203,10.069338034340893,-2.9902245561828114,-0.6016669178664262,40.17935124093778
20.200000000000003,4.538633412142836,-2.1849236947315807,10.10638803938601,-3.1787198421188165,-0.771766189222343,40.431931031832896
20.3,4.503857198894298,-2.232596164138911,10.14211627953663,-3.333831246673476,-0.8520300952079687,40.672727190652544
20.400000000000002,4.468083318858276,-2.2727823458340057,10.195484852644293,-3.5016791504913467,-0.9044320225256056,40.88450391915345
20.500000000000004,4.441744223066791,-2.317600191898702,10.24837895430914,-3.644440640436843,-0.922806566539601,41.01522260396107
20.600000000000005,4.43116294526875,-2.3514596402681005,10.306185471977722,-3.8355891595592992,-1.1026155827983686,41.2557558970355
20.700000000000003,4.417216448233794,-2.4029619323565323,10.355031208577012,-4.038201572260683,-1.2620057472695791,41.4670807288629
20.8,4.415396477439497,-2.4448340841371805,10.410890607565298,-4.2403313534373135,-1.3921361995250816,41.73086949101697
20.900000000000002,4.391269347254364,-2.4997115994313934,10.465602079488876,-4.352978437279757,-1.4402938463015136,41.9346886509243
21.0,4.3704642171590145,-2.527427214803573,10.521180800842556,-4.424133184718442,-1.5150147591774583,42.0286932566113
21.100000000000005,4.325765849156711,-2.5679448094136004,10.563182479244016,-4.518199299170497,-1.640494231405641,42.186690918827686
21.200000000000003,4.300499976568621,-2.600951360467128,10.616328828284013,-4.597661882699286,-1.7562923870024931,42.30278750651259
21.3,4.2645987473395435,-2.6630576773423185,10.65227556681732,-4.782559300096177,-1.8590886959294697,42.582057590893754
21.400000000000002,4.236645712462247,-2.7048785246225395,10.708356303545608,-4.833621904976563,-1.8788860458586052,42.76453450411577
21.5,4.200076970431813,-2.7478479639609534,10.762360492201152,-4.932871948063963,-1.947820692450657,43.01429445778309
21.600000000000005,4.173107577132753,-2.7791433484953685,10.815365976410435,-4.918725025289299,-2.0231908109216383,43.235929685124404
21.700000000000003,4.136903953382064,-2.8152903233876714,10.867164001745012,-4.973057037340497,-2.1519593753284134,43.49410780644727
21.8,4.1142810018200775,-2.8658576465335126,10.914124261150993,-4.916435540696303,-2.2079362042324284,43.678316335591404
21.900000000000002,4.1025598674994725,-2.897912323004004,10.958305671245443,-4.9796730484289045,-2.2964339274091095,43.799702686094825
22.0,4.064209054243343,-2.9303011228165174,10.999122299602853,-5.0947077401709855,-2.4000103320201047,43.94830089055451
22.100000000000005,4.038695927600416,-2.9695888033899585,11.035006856060647,-5.126586235724104,-2.4684352396457694,44.18049648660902
22.200000000000003,3.9825697955520183,-3.0219735504722656,11.074330830328426,-5.003124882809264,-2.5230194201149265,44.43940389810255
22.3,3.961530115793489,-3.067327125246475,11.143633608976955,-4.82894033697604,-2.569171059579378,44.66633161299415
22.400000000000002,3.933477592923832,-3.0937883066466885,11.193244281165619,-4.7835056901374635,-2.6878210405274903,44.810747331292056
22.5,3.913528298322601,-3.1334044415777345,11.254878300937554,-4.803109308188379,-2.752798553045338,44.917242102058175
22.600000000000005,3.877971257983057,-3.184681261373927,11.289324831405358,-4.748617136499225,-2.7698203371434764,45.08284767208128
22.700000000000003,3.834038748096543,-3.23555870274588,11.348728931828896,-4.707258203920884,-2.7900441734108767,45.3604919598448
22.8,3.805854056918879,-3.2791825781787285,11.405642204069729,-4.582481751885206,-2.8278219016691337,45.58533703658176
22.900000000000002,3.7755036773060717,-3.320326683318457,11.463224115991387,-4.48854720592864,-2.8202892480919375,45.82734811124528
23.0,3.748673042429266,-3.362634016149426,11.5072875550822,-4.305545988058012,-2.8202110156986553,45.997215607447124
23.100000000000005,3.711030982429195,-3.3959481641581664,11.550735162240029,-4.1032948077199505,-2.848620785016252,46.1980667042138
23.200000000000003,3.677771383140103,-3.4268767156298736,11.596882538654219,-3.9703057061129603,-2.893581199608873,46.39790772599914
23.3,3.6564704781544837,-3.4551021637485184,11.649111780736789,-3.8755792686076163,-2.978642339849434,46.59559011147632
23.400000000000002,3.6258793073049005,-3.475783837139733,11.71094156266883,-3.811481048408489,-2.981887702127216,46.83783751113996
23.5,3.5818496562168156,-3.5179975247668835,11.762330862676498,-3.7170765356318274,-2.958322847289759,47.12729393050282
23.600000000000005,3.5335712997044624,-3.548434691700018,11.818887988758055,-3.547715116272849,-2.931746589512786,47.24041010395653
23.700000000000003,3.4893526477340386,-3.595280957161973,11.86259156004237,-3.3762922811533245,-2.9690420529662274,47.47528441088909
23.8,3.472607247477837,-3.6236796392409247,11.917141552748015,-3.142379991988042,-3.042075836361814,47.573910917786975
23.900000000000002,3.429806484275178,-3.660105755707496,11.963449177899042,-2.914013018224651,-3.0573409462649965,47.8552615649108
24.0,3.3968378341964467,-3.70016145470478,12.000384423121554,-2.7204344505228946,-3.036704404670754,48.03468085230465
24.100000000000005,3.3575681594052758,-3.73091109465196,12.04522585041667,-2.4515471535435194,-3.0040542193470405,48.21600237031421
24.200000000000003,3.331335950657818,-3.7675569660171475,12.089676660733366,-2.236403588528546,-2.986635059363849,48.3979049115683
24.3,3.2864812257503577,-3.7896705385903147,12.144798095841407,-1.9834697023308097,-2.927364006035345,48.52126462479837
24.400000000000002,3.2429404704103875,-3.8227948948085166,12.196042602954757,-1.8008870325362683,-2.847756838935221,48.76581141472108
24.5,3.1957355977475586,-3.8396567657784466,12.258640202722924,-1.5603675260993437,-2.789452355172932,48.968116817172124
24.600000000000005,3.160796307218995,-3.878927131700662,12.312306124446165,-1.293315911778635,-2.6931563103130784,49.25133553784017
24.700000000000003,3.135895269845155,-3.9157423909970994,12.360455917738458,-1.0687651291972047,-2.655642753533142,49.466497898657366
24.8,3.102549605630006,-3.967221417890155,12.413548796893133,-0.8506692849227719,-2.536160157409599,49.668813277798
24.900000000000002,3.058980222126017,-3.9972345969709955,12.465012007578151,-0.6410227813553715,-2.5496388742399696,49.852460919503166
25.0,3.013507374018177,-4.028107920064051,12.530297674922027,-0.4082569844608352,-2.474963209813929,49.98782136411156
25.100000000000005,2.9848337475014666,-4.045790373174012,12.572719639595334,-0.1640763825430513,-2.4784709406277834,50.15182667731627
25.200000000000003,2.959706082685067,-4.061977136943758,12.609376200004375,0.07993018070186365,-2.355708168564916,50.38644818399556
25.3,2.902750057156325,-4.090486378521838,12.647053923383867,0.4032753918018706,-2.3035008839267053,50.663694975407815
25.400000000000002,2.8443792351360244,-4.132506356108803,12.695824914978877,0.687629510442644,-2.170014380637373,50.87949865298571
25.5,2.804664354514518,-4.166965577142871,12.766161685067134,0.9565863492904354,-2.1566710849351165,51.04147425722157
25.600000000000005,2.7685190077305624,-4.194559042428046,12.815627283268237,1.2001530089343306,-2.1066038350949166,51.16344259786492
25.700000000000003,2.732874681344319,-4.212089636456569,12.862163187475792,1.4282807458652185,-2.016217847074361,51.4104715072509
25.8,2.6874910094728537,-4.240758260618733,12.895402847539978,1.6728077038909623,-1.9165759266193243,51.63111864313219
25.900000000000002,2.643661188507251,-4.273637221961417,12.93952148348294,1.8748790054700546,-1.776233363682439,51.925979703514095
26.0,2.597675464433251,-4.2935697258614,12.984774387014767,2.117505034390902,-1.743797967759571,52.05761037276586
26.100000000000005,2.5280149563508654,-4.308551261445166,13.039066218924665,2.309019189517248,-1.5833087007617925,52.22282954867553
26.200000000000003,2.484223966894383,-4.32770180942003,13.094383563336043,2.4493145583869924,-1.5366978450488693,52.3658371648776
26.3,2.4395466194931648,-4.3653399433355,13.161186396393115,2.6477900762891333,-1.3672164224091137,52.6166642520411
26.400000000000002,2.409201345343933,-4.399707482605444,13.217687696257299,2.91955617498929,-1.2669381564058235,52.82207559409013
26.5,2.383037768485283,-4.417254912778026,13.255791286480928,3.2292465869086175,-1.1393594783148142,52.98526202699082
26.600000000000005,2.331075705044263,-4.433701567871125,13.297622607573386,3.455538218913602,-1.02679990527859,53.193092626697414
26.700000000000003,2.2921174684326977,-4.445184490152859,13.352969007285537,3.6305924754941614,-0.9257342711531873,53.42431939336718
26.8,2.237536025638028,-4.471126962497049,13.40687634167031,3.775134719433255,-0.8057426024504467,53.62287562636351
26.900000000000002,2.2118858074240797,-4.502924698005931,13.453018876104354,3.912747769488662,-0.7427294333000187,53.83867680210292
27.0,2.160235849883842,-4.547157123984268,13.495139254158246,4.004517775416628,-0.6996795740352275,54.05364558032462
27.100000000000005,2.1218938169027868,-4.572033926363948,13.543971818099827,4.134552677301737,-0.5519788909859197,54.28866460025167
27.200000000000003,2.0669195443134583,-4.5876622434390315,13.599187135436607,4.2816315257356115,-0.45169295546271143,54.44613643562735
27.3,2.0243099646856577,-4.5867763148764995,13.64828289314769,4.464751397579755,-0.263713267205974,54.62559840435799
27.400000000000002,1.9737976001335709,-4.605169218671304,13.706312431527621,4.582006663511507,-0.16440701428605464,54.792398418774525
27.5,1.9290223807516573,-4.622811280608825,13.74607394744998,4.646529720823206,0.030304639084713442,54.990746206000786
27.600000000000005,1.8853394397537782,-4.653777181840414,13.793963879771875,4.694910181653987,0.13695055507315482,55.10053149547662
27.700000000000003,1.8363130192399746,-4.660832497170978,13.845982872531346,4.796307046784906,0.2544297774853153,55.358470119335266
27.8,1.7858245770126302,-4.663441024116754,13.89941393270275,4.82791764912701,0.3754620908000777,55.5054192959484
27.900000000000002,1.7438133100815918,-4.684365838929214,13.963843413713128,4.803956030930038,0.5153782842698892,55.82727940838301
28.0,1.7008204827058266,-4.712577172858918,14.006363296756845,4.8058910203641085,0.6547926499980491,55.98706021706736
28.100000000000005,1.6668535137236473,-4.739017007466566,14.060346749275803,4.841285844826268,0.7629596799162899,56.232054425084385
28.200000000000003,1.6105726884758236,-4.747013887168895,14.105050929146735,4.9164043729018205,0.8163649868922804,56.361015967267264
28.3,1.5729487344588458,-4.747047176655418,14.148259398831279,4.932868400078508,0.945466377284374,56.56241867460208
28.400000000000002,1.5017781172302118,-4.765247092450344,14.185022775246395,4.94900338794962,1.0631243338969474,56.81675861883806
28.5,1.4612865523105925,-4.786842601754283,14.218634460936775,4.992447490427238,1.191595575778562,56.954756127156365
28.600000000000005,1.4031129438940908,-4.809391696823936,14.286507459845842,4.9739479243584315,1.2675207154473973,57.20692293582337
28.700000000000003,1.3699857038734173,-4.819588318930364,14.344567130953097,4.952433142340419,1.3530199569822576,57.37090600702183
28.8,1.3186977091357936,-4.824936629496292,14.421792834954687,4.865913689127399,1.487417408205672,57.613598907311086
28.900000000000002,1.2651102432307886,-4.8382230043407715,14.45961395694079,4.74615883324463,1.6092714945393733,57.73518964800652
29.0,1.2115479534817526,-4.850749461389685,14.514523353268052,4.68799688682138,1.7583174125915508,57.97980196621006
29.100000000000005,1.1632482278208691,-4.8601848442490905,14.557749424380717,4.570273959110678,1.896157006627546,58.188519125140544
29.200000000000003,1.1216630068649198,-4.865626452678593,14.624885027626158,4.524689278086524,1.9357035509502254,58.38591785455566
29.3,1.0785831791699223,-4.8791993055208165,14.687398042782421,4.337255262410834,2.0001101683594245,58.567948571727534
29.400000000000002,1.0290412721409967,-4.898406322354851,14.735173084635925,4.1600397652851315,2.0965533657628725,58.81075056360182
29.5,0.980422871735967,-4.916450362697201,14.778626215553606,4.026443558587201,2.238071959707886,59.01793139473714
29.600000000000005,0.9310445056843354,-4.922048609833076,14.81883303803737,3.925994651388969,2.335130873313307,59.18724174250514
29.700000000000003,0.89194576312238,-4.935205876600183,14.865966337007862,3.789150868539725,2.435751303928598,59.3417648905076
29.8,0.840923363219168,-4.942058658772901,14.905464682060261,3.5648851990679717,2.531113293715924,59.60972312300623
29.900000000000002,0.784045031521714,-4.960563358036076,14.946059843176103,3.41281218853834,2.5733603555531377,59.837881322655186
30.0,0.7255128724326886,-4.962270290164576,14.990848272952254,3.2176088928996207,2.607482110403864,60.08980661873726
30.100000000000005,0.6768482090944953,-4.9630549262705825,15.04338828024428,3.1076086760201886,2.640501407934069,60.26516794083141
30.200000000000003,0.6369292786481696,-4.965512843765117,15.095821419138247,2.8386928679903463,2.6911537568040633,60.48849517949788
30.3,0.5909491319004178,-4.971252781281364,15.15048649850403,2.6911065118642994,2.698528993431085,60.67075118378343
30.400000000000002,0.5371183357580004,-4.994202514360485,15.207989764044667,2.410272295758388,2.7954116952279766,60.819300010894494
30.5,0.49188523841639853,-4.995365096202922,15.26160066361546,2.2392010802996416,2.8125263327971624,60.975576203826655
30.600000000000005,0.43835331449099035,-4.995737173728954,15.316808281172783,1.9730652894031493,2.9160329714872586,61.24512156123163
30.700000000000003,0.3914502398058594,-4.976117180560526,15.352828319021421,1.7469197886743106,2.9167516488960072,61.45069204897279
30.8,0.3317805505481531,-4.986512773436672,15.400947876717614,1.4921294625840245,2.9289579309534517,61.62366082632192
30.900000000000002,0.2844384039396225,-4.992224682236955,15.436318860706558,1.2370272625741852,2.917050892573542,61.76800745927405
31.0,0.23825573542263742,-5.007354191719558,15.481486544020294,1.0241291765590292,2.852609763214011,62.00003594741339
31.100000000000005,0.1952251409780524,-4.996656804079972,15.532226402509876,0.760061268012235,2.9375948933462532,62.17934125362395
31.200000000000003,0.15220263241101703,-5.000124202598003,15.586193567924672,0.5382864102612802,2.9675804064282167,62.402854980894915
31.3,0.10367273624551948,-5.000797847152957,15.658726810326774,0.23154065905895113,3.0257899448598624,62.68198649992902
31.400000000000002,0.048396281041076745,-5.007632843550627,15.713483426129423,-0.0863933523823115,3.0122201430099698,62.921267667909056
31.5,-0.0023952648389804487,-5.005624785244845,15.757467164023119,-0.3348703918011105,3.04621651350268,63.053736796376846
31.600000000000005,-0.06307719993078335,-5.009832497414561,15.809738116177066,-0.47050958569548157,3.042674905480308,63.124770088141155
31.700000000000003,-0.11095721175522268,-5.011462657628981,15.863672929583535,-0.6070020352312847,2.992047342136702,63.326831572214395
31.8,-0.16625807931857498,-5.0039208461086595,15.924381493102187,-0.8475658507847182,2.960319287103829,63.593763093316134
31.900000000000002,-0.2134106904146269,-5.005660119552175,15.96051098200096,-1.1806555394620073,3.021878524658091,63.861234035701095
32.0,-0.26144758862132517,-5.003440257067012,15.995974495785967,-1.4469734132721597,3.03187291467511,64.05255470829643
32.1,-0.3158490896511823,-5.012138816298452,16.03961246592237,-1.6654123133867593,2.9861073665451223,64.19611640845959
32.20000000000001,-0.35232662217161065,-4.993703135795092,16.098380684046063,-1.9291397135574107,2.9306931119733335,64.34387202915246
32.300000000000004,-0.4127420975912888,-5.00062046891665,16.16734085433045,-2.121103601228691,2.866547089713182,64.57177720139391
32.4,-0.46507871888705504,-4.995057405171631,16.23011052302607,-2.3385122439433235,2.772881450860725,64.82187864383307
32.5,-0.5209549410836406,-4.9953903393507195,16.26959320274947,-2.4923305496449886,2.720991437920205,65.00675977203399
32.6,-0.5585640247826754,-4.969182591483324,16.29956517782131,-2.7255351970182446,2.7493519140621427,65.23192936042919
32.7,-0.5958431898189417,-4.959781960936877,16.340216129278907,-2.9524354114928877,2.7274665669230083,65.42060601374614
32.800000000000004,-0.648845488768015,-4.959389354089163,16.381685529653733,-3.150176733346838,2.596107512676845,65.71878349480737
32.900000000000006,-0.7036064350081949,-4.950181253103454,16.441304097303554,-3.333327931288927,2.541092718119219,65.82105127058516
33.0,-0.7630765508867666,-4.951797980005293,16.489380838415485,-3.525607068777905,2.4355718258480468,65.95638809137485
33.1,-0.816008908954807,-4.954663272864942,16.548063524173454,-3.738091675623316,2.3808028798418372,66.10476929287775
33.20000000000001,-0.8696066242119999,-4.955685901043135,16.585277718963777,-3.9160441408933413,2.249304938279679,66.36626636539042
33.300000000000004,-0.9062003516633944,-4.940302470632204,16.63968573691623,-4.004510046397317,2.238509144446311,66.67167253133516
33.4,-0.9566686759822653,-4.922883819041307,16.689241307997605,-4.168495880278562,2.1943482229344067,66.9001741387879
33.5,-1.0065416072915956,-4.911036537949965,16.74207321620798,-4.3521575470122995,2.109603948374559,67.07532528199768
33.6,-1.0639655591907566,-4.8955166767957286,16.769500800742307,-4.518866792333218,1.9828553123341146,67.1812342809779
33.7,-1.1089045486580684,-4.881433385769982,16.82286870697305,-4.585351199626995,1.8623739181537688,67.39869833627472
33.800000000000004,-1.1557184375269065,-4.883168534460702,16.892483163188917,-4.628783179834073,1.7707534495020196,67.57463086464342
33.900000000000006,-1.207498301641243,-4.86696906266499,16.972706639374447,-4.712669022732395,1.5718195217115427,67.86312545672469
34.0,-1.2569446385512604,-4.846380803824194,17.019842763697543,-4.796512717403707,1.4586924260543617,68.01264594931384
34.1,-1.2997436411226546,-4.82553017452048,17.054013005983997,-4.815331066218376,1.3438876065898162,68.29782219925944
34.20000000000001,-1.3456994771707382,-4.80557712717571,17.096063106260846,-4.9273670351892624,1.2833071327060557,68.46617095710235
34.300000000000004,-1.3983845915244633,-4.80310645676311,17.142454511710167,-4.985796253584536,1.1974221398596987,68.67108392910781
34.4,-1.446248773058312,-4.798196879700755,17.19848120477804,-5.06476930400553,1.071969486650412,68.80075131429301
34.5,-1.5001541251099997,-4.800224057973327,17.250463244926767,-5.07959963399249,1.0564929937838634,68.96675667537951
34.6,-1.553876274746574,-4.7780212215493725,17.31529870268059,-5.058783895547525,0.9821032020559417,69.18560041477343
34.7,-1.6075356949911501,-4.75038109817134,17.362619062838593,-4.988414579870647,0.8580411552677675,69.4054855103749
34.800000000000004,-1.6464663116823306,-4.731055666618578,17.406154035981515,-4.908944941559825,0.6779264467149279,69.59705539268414
34.900000000000006,-1.6820060483610677,-4.711612149745478,17.44212126391058,-4.858997314699095,0.5054230710424111,69.77725712259438
35.0,-1.7142055641917777,-4.704315495543612,17.487276422060177,-4.9076850115169375,0.38744474579892674,69.9773044737111
35.1,-1.7537143201384466,-4.675351435604391,17.537124387782015,-4.868043847799125,0.2798677394570153,70.12614038416622
35.20000000000001,-1.8033227043411537,-4.660048992300416,17.595426708405835,-4.815327212881598,0.13748546911237147,70.34693370166978
35.300000000000004,-1.8595698846231048,-4.625594995715058,17.65702980827432,-4.699150807014149,-0.004991582170591091,70.51165709318859
35.4,-1.918066492444508,-4.61381075846995,17.703185141215794,-4.539486203590591,-0.11066290584960985,70.74417048289554
35.5,-1.963025037010399,-4.590632742707576,17.760687294963414,-4.400596790036943,-0.18422053297094035,70.87265340083222
35.6,-2.010525467933042,-4.574238755137849,17.802789240114908,-4.308135744437261,-0.2928606966384754,71.04551435839386
35.7,-2.0471901520959075,-4.553037839569175,17.858001317823792,-4.2128924978840425,-0.4027969717946693,71.23877718839698
35.800000000000004,-2.0978735718268076,-4.53084221983999,17.893068649503075,-4.074622490482517,-0.5631754831598993,71.47138796804632
35.900000000000006,-2.1375665983450762,-4.504371133134326,17.928714538441536,-3.8491627265404333,-0.645395581706409,71.79629302255945
36.0,-2.174362767123714,-4.484186646782163,17.984750623046267,-3.6445107230549465,-0.7643053655799023,72.02394528346669
36.1,-2.2142146819502115,-4.461437343983792,18.044644326887873,-3.525392882324771,-0.859536304619172,72.25350431892998
36.2,-2.259414910554286,-4.448143043698054,18.10893041157557,-3.411910979005596,-0.9665496981788079,72.40174506056265
36.300000000000004,-2.3092180333194277,-4.416655002146077,18.153483380381328,-3.319491921643966,-1.1232289263963071,72.623643222633
36.4,-2.3551189918534563,-4.402252052385709,18.202010682518736,-3.098393007897195,-1.2389856554065908,72.81513677039987
36.5,-2.400015339502241,-4.365569467174621,18.24346922718695,-2.8532035047772926,-1.3693655822621047,72.96194426539635
36.6,-2.4480011863055515,-4.350923148334733,18.28949560455648,-2.5687113479676884,-1.4832554220581986,73.20593967746514
36.7,-2.4878963070026945,-4.331003260432064,18.341351107635926,-2.347258583635604,-1.5865055988874748,73.46876101427728
36.800000000000004,-2.5375126845030693,-4.316774606416288,18.393406150527372,-2.151299931806783,-1.7326929647455038,73.65251551659316
36.9,-2.580145887771358,-4.295237091661563,18.44889022125746,-1.9515605536831566,-1.82296743010094,73.77001697862096
37.0,-2.619929074710537,-4.25385750101517,18.484551244695826,-1.7444174681264066,-1.9225612674721473,73.90045007908714
37.1,-2.6472884799576684,-4.232401524990226,18.546022707399846,-1.427378561896762,-1.9725187190580116,74.12438744239421
37.2,-2.6829747027637114,-4.203753542722388,18.59382804463675,-1.2456149730299728,-2.0541350134513663,74.37538724720564
37.300000000000004,-2.7135847680058576,-4.194453927392914,18.64210437789487,-0.9681240114059558,-2.133391694186393,74.56043851853798
37.4,-2.7697418285988387,-4.1652017369353596,18.69675977370836,-0.7243515700918391,-2.192181570304146,74.86475831396187
37.5,-2.8114069640768005,-4.1500565371234,18.742100106411687,-0.42270546789617797,-2.2347752535620544,75.08757774865812
37.6,-2.8653389325521434,-4.119278849388356,18.79746596893763,-0.18612628125801034,-2.3305253835281294,75.31893928975943
37.7,-2.88613443768714,-4.08204655676935,18.841038167889455,-0.015804278149907675,-2.4589976629435397,75.48100362960984
37.800000000000004,-2.9375544893051746,-4.03109674187765,18.903593027397633,0.22764085028177608,-2.591385551409386,75.67818202394365
37.9,-2.9842928942316953,-3.9877475481163978,18.95222256485121,0.5287923192982206,-2.650478029365509,75.85229797332063
38.0,-3.042503564401438,-3.968911522203283,19.001296635868652,0.7147815194182238,-2.682518777956192,75.99085785639191
38.1,-3.0905843307745244,-3.9437208336826033,19.046497830208,1.017840600979963,-2.7296760907447797,76.15659927767898
38.2,-3.127491479907119,-3.915441413908985,19.107890679716274,1.1680591004146939,-2.8085843820322935,76.40411873143087
38.300000000000004,-3.167242910779427,-3.8851882467325223,19.15865575775247,1.473250071769031,-2.859638007616608,76.63596131953737
38.4,-3.190449837350643,-3.842932311541587,19.203350128823043,1.6444826664882297,-2.871063917068168,76.78079000136536
38.5,-3.2227138013686383,-3.804761090878065,19.243212156636968,1.9439345780732065,-2.846656387331125,76.92530798241707
38.6,-3.2428671830171916,-3.7658339486009216,19.29261017215543,2.127052640672351,-2.884092677550013,77.11820687367546
38.699999999999996,-3.2749266414697846,-3.742623147722323,19.337909431002746,2.378830606737239,-2.9333407617416225,77.36825123627098
38.800000000000004,-3.3181112040190306,-3.713655691414552,19.373951029250442,2.6427617703621498,-3.0088262557471435,77.66076345696233
38.9,-3.3733320643192166,-3.6919970878290784,19.42628713539118,2.860134553417229,-3.011342380544869,77.81702962100218
39.00000000000001,-3.4127721635519297,-3.6596607295782184,19.489460961078333,3.053538184282773,-3.041161273878164,78.0364047825409
39.1,-3.4537672265978365,-3.6310701125281697,19.543183748064678,3.1589196052310218,-3.0017027307952375,78.22029048025884
39.2,-3.4712601220455057,-3.5892501217971695,19.583541811338897,3.4054308837236014,-3.0659335757454564,78.54220506985291
39.300000000000004,-3.5020176422299065,-3.5542343813344086,19.631643274138355,3.5781058402266033,-3.050595285829118,78.7118721810189
39.4,-3.531330317456644,-3.5021088764390895,19.711112793506715,3.7481877757020463,-3.0558211905387047,78.87861605916531
39.5,-3.589589223819468,-3.4552158479441406,19.76798295625595,3.9102678198374377,-2.9815327380960355,79.02189307955784
39.6,-3.6226930475305275,-3.4208611187430003,19.809001908241054,4.1200035360715175,-2.8663690426008954,79.24188905138242
39.699999999999996,-3.654230500247785,-3.3923982117010283,19.84406596216894,4.2750916810876065,-2.846582653702296,79.42221322958376
39.800000000000004,-3.6680907736250554,-3.350373184851474,19.903093180245428,4.412379481229781,-2.863289667054088,79.61775373066048
39.9,-3.7209076120840288,-3.303098513980704,19.953640105326127,4.427849466111932,-2.928660933950301,79.72682947010138
40.00000000000001,-3.756926252973368,-3.2688850346929565,19.99953146822249,4.509924727763235,-2.9673052293380136,79.95285995981143
40.1,-3.7975514246119118,-3.244567012564532,20.037147335280284,4.597872754289353,-2.899705782858154,80.14253337695017
40.2,-3.818635089228857,-3.207793436741799,20.08509823908606,4.775005104076739,-2.882939756947098,80.41952574989823
40.300000000000004,-3.8492812329849926,-3.16696558272526,20.141243987903692,4.891441108984714,-2.7473974707749442,80.66501884008677
40.4,-3.8764173808710822,-3.117767250881897,20.205293467774705,4.9259265618999715,-2.7128124133812417,80.83831510933835
40.5,-3.914710425473839,-3.0789587137050733,20.263802853650535,4.924914949402869,-2.634404660279245,81.0322950729288
40.6,-3.943127310479394,-3.035048562540163,20.311302694863063,4.907557218890819,-2.6273437475894554,81.23045144314496
40.699999999999996,-3.9765484960787076,-3.0047448525131784,20.348526096680494,4.961922645082685,-2.4881710774176686,81.425213866943
40.800000000000004,-3.9956719412067443,-2.9600572620340024,20.385950962801743,5.002680919923184,-2.4280608724058053,81.6203125571473
40.9,-4.019245860266999,-2.925301982980821,20.4435207179969,5.028130655234313,-2.2749381929711667,81.7490265996261
41.00000000000001,-4.056406432804638,-2.8671722325206037,20.494947211809585,4.978669731873731,-2.231096594486828,82.00478645919209
41.1,-4.098515319042243,-2.839535601848516,20.554165284443624,4.9320314991453715,-2.125961406300581,82.23005038553508
41.2,-4.122781463951318,-2.787982702813957,20.619565269714943,4.894071927408404,-2.092829400585123,82.39186372141103
41.300000000000004,-4.1406935271568175,-2.7589220717284646,20.672075870417462,4.856777626668689,-2.021478214284931,82.54610028656914
41.4,-4.1626635553690825,-2.716818975745371,20.718267129507435,4.854988635039596,-2.0131395524943123,82.71892838855028
41.5,-4.187627646262389,-2.6894958664950384,20.744137361747104,4.786392760843536,-1.9429050039882718,82.95944186528126
41.6,-4.215436193138313,-2.6505622203379615,20.799801980419307,4.689918860969535,-1.8330263156982392,83.19137560600649
41.699999999999996,-4.228522967059667,-2.6007406103013895,20.855569056823526,4.500011908211944,-1.6727072837773205,83.42556094564317
41.800000000000004,-4.263924301268532,-2.551120003418781,20.89882292094278,4.423368924258163,-1.6098540821963006,83.56893458868232
41.9,-4.276036809745582,-2.509646104000201,20.94729480911197,4.308511295568988,-1.5368331283578434,83.79020449964669
42.00000000000001,-4.296842885658154,-2.469223857968616,20.992085379138125,4.176912679054781,-1.3730817341379389,83.98468326931697
42.1,-4.323163367097218,-2.4147701223450553,21.06416255083502,4.0541648669822825,-1.1771512611194697,84.29003472937171
42.2,-4.3541969450617595,-2.355530247715261,21.115234678375955,3.9554484750590837,-1.067905730229099,84.46937664069604
42.300000000000004,-4.384928524497792,-2.3083244494717445,21.166706826308488,3.7952905232592236,-0.9815662748960525,84.69766844442069
42.4,-4.397033440458146,-2.277986346740508,21.212758283545273,3.5179315429576157,-0.9222340166881425,84.86706888654923
42.5,-4.432387067182668,-2.244109045776469,21.256010333177358,3.3242174596729535,-0.8623474558501728,85.09713646751295
42.6,-4.454112085060441,-2.1981106693845756,21.314677636982566,3.133002403629897,-0.8089425809059246,85.27783405678902
42.699999999999996,-4.477726636178028,-2.1601470133546243,21.359369080019622,3.0252069223554385,-0.6275595723448545,85.45901870485926
42.800000000000004,-4.504113400063487,-2.117413395207698,21.403274332249506,2.722116670461782,-0.4618799948297856,85.68989233700074
42.9,-4.53721615887983,-2.0871682264510554,21.44329884219991,2.563895390286466,-0.32040195740100497,85.90211855320946
43.0,-4.578051858542593,-2.0320239776858293,21.49693369553515,2.2799409820430476,-0.26314922445036915,86.12450720879104
43.1,-4.587849565546247,-1.9801289590889477,21.550344237687714,2.1468527407521933,-0.07082386667267758,86.20621590422486
43.20000000000001,-4.594444106915537,-1.9261659722748286,21.601943580148216,1.8891264207325749,0.11139447405288233,86.33363774623342
43.300000000000004,-4.589638078712529,-1.872082688107635,21.638709690835345,1.6644913247074573,0.31524938263600727,86.524270114938
43.4,-4.605688766005535,-1.8381310110180868,21.693765520153345,1.389177364265418,0.36617985096066036,86.77166430208156
43.5,-4.617489931140754,-1.7980522660883338,21.760206676036578,1.1706071760756858,0.44114929955197835,86.9941371371634
43.6,-4.654113801467756,-1.76025191752369,21.809457273803883,0.9619811526381269,0.43536899392134526,87.18907937774573
43.699999999999996,-4.68290187398228,-1.6981296795955123,21.856794743077742,0.7487032827018717,0.6078653445259178,87.43718290208825
43.800000000000004,-4.710596895310929,-1.6300033221077186,21.90245938065222,0.543624500541093,0.6760900980855656,87.68083373674021
43.9,-4.71483043589876,-1.5872580780160257,21.959045324138952,0.23873384987129012,0.8497295993965642,87.83810069642804
44.0,-4.719212950410608,-1.5395882997604822,22.01189967306946,0.023427377912999342,0.878449258266996,87.98142950458849
44.1,-4.747670230992972,-1.5034583194178108,22.045402245845718,-0.2885980426065341,1.0107593465435476,88.13141720607507
44.20000000000001,-4.765392158159365,-1.453788156966014,22.09878856910207,-0.5153042701285829,1.086942387617704,88.35652749251987
44.300000000000004,-4.78795925469727,-1.407182399261922,22.144525128693704,-0.8610867463883523,1.2127008297142174,88.54645726457032
44.4,-4.783320245657083,-1.35453164033707,22.20817928551922,-1.1164256500737828,1.3217546386222638,88.7573679611786
44.5,-4.793409000304958,-1.3157103451651542,22.2632398118816,-1.298711864298289,1.4365630927074464,88.92845344599311
44.6,-4.803622412352062,-1.2634483926838094,22.331751197928423,-1.4983907686623728,1.5873901346665862,89.13798547879681
44.699999999999996,-4.823672546467398,-1.2101623326663036,22.379043885778646,-1.6776903780483983,1.668765834358372,89.33522007698872
44.800000000000004,-4.844852465817236,-1.155269193224284,22.423299954212098,-1.988374608005228,1.7919131583812922,89.47940963305443
44.9,-4.850192429568222,-1.1138046822549248,22.457332091942487,-2.2111517008009582,1.8993849185897573,89.75209718992174
45.0,-4.851099336654625,-1.0709320580253576,22.501113428835655,-2.52436502743696,2.0107372326859743,90.0070764329572
45.1,-4.8608209774623505,-1.0161387227196064,22.551198012348184,-2.6788831489543075,2.0679179142458035,90.29218136512645
45.20000000000001,-4.866764589847433,-0.9734605209048781,22.597932774270078,-2.8573082207964284,2.1047888847190506,90.42437626596775
45.300000000000004,-4.885898284565744,-0.9321503533484358,22.65141028939728,-3.0308364891993964,2.2429282099194645,90.54902879924992
45.4,-4.893351938824791,-0.8848866617328476,22.70793771401159,-3.3233693590890216,2.3514618267897465,90.81809625267447
45.5,-4.90567255864764,-0.8241421254213878,22.75319677297732,-3.5317767900650416,2.415870701626323,91.08071190750888
45.6,-4.916792495957361,-0.7667021587071087,22.809672890209715,-3.680077418655587,2.4632876694377965,91.32499017669436
45.699999999999996,-4.922456860026309,-0.719588187116878,22.859669673754595,-3.747643504464495,2.486753355019973,91.50258376890683
45.800000000000004,-4.936493445211926,-0.6727763979727479,22.915592834009853,-3.87147827173196,2.589811913160285,91.64518370504554
45.9,-4.922762326442956,-0.6458393600598789,22.943847944275603,-4.070284203521884,2.6458025763184403,91.79540306614145
46.0,-4.924608665764843,-0.5860977974739452,22.98101503057937,-4.1994120164427855,2.726551629905011,91.94755793236982
46.1,-4.926563250104672,-0.55317211110692,23.040448784403054,-4.328612956611665,2.725832859147592,92.1461126386311
46.20000000000001,-4.943013124467255,-0.4868785606574195,23.104442029981115,-4.46906980094271,2.7282025632006044,92.37551856263549
46.300000000000004,-4.948277461184035,-0.45223579849042705,23.15183216167978,-4.586782801021767,2.797363110166757,92.58195756568644
46.4,-4.94886786462203,-0.3994621041491791,23.18982036522785,-4.737590866042409,2.902816340508462,92.77451331487708
46.5,-4.949483392435323,-0.33946401225557543,23.245576952486545,-4.763595904927951,2.9430660197490295,92.986968955573
46.6,-4.946468920685555,-0.2852434076400254,23.305883857823186,-4.833351276264779,2.967807365705023,93.19599934783743
46.699999999999996,-4.9508176044534125,-0.22440184384490158,23.357656143303572,-4.891414730965468,2.87987095240226,93.36369249754118
46.800000000000004,-4.960536447458826,-0.18253197761370496,23.399606513714776,-4.957641837728449,2.8994964433800203,93.54248790916576
46.9,-4.968706069968346,-0.12629599109965486,23.443349902266476,-5.002189967980747,2.896294145456938,93.69792648395918
47.0,-4.981301576016569,-0.07814497162505409,23.48879338169762,-5.0438790511167335,2.943873911034166,93.96587383782861
47.1,-4.987850159963645,-0.03643035577440679,23.55200804903951,-5.066775089380799,2.935688356463725,94.1195861447382
47.20000000000001,-4.976690107596176,0.016987438765749666,23.602470966905063,-5.042007104230412,2.913211820870835,94.40085863170543
47.300000000000004,-4.94966367111871,0.06313606488176242,23.66673475827389,-5.028320141423439,2.9472272662910566,94.61447642662465
47.4,-4.940008892043352,0.11125581164166749,23.716107694023577,-4.941738382916618,2.961367848188452,94.87459197178657
47.5,-4.943564139886626,0.15168980651471622,23.77491190313931,-4.90841910182892,2.893419887303145,94.94936772408175
47.6,-4.950242430517515,0.21489765678941122,23.813920044249016,-4.874840676534376,2.7926479339265207,95.09111239210743
47.699999999999996,-4.925343745839963,0.28083029331839726,23.856469471171778,-4.854689568519423,2.75361112874476,95.29904560629723
47.800000000000004,-4.918511904153029,0.3312185373741024,23.89965276114152,-4.753386120724746,2.8137527919507406,95.55213023522718
47.9,-4.917729130258112,0.36870979960041805,23.94650555082144,-4.6398649977344375,2.7585145898833545,95.7469999741658
48.0,-4.940416238932265,0.410683368221898,23.995976412097335,-4.532501365898301,2.723173540131438,96.00014595283754
48.1,-4.953882619272716,0.4765949019165238,24.03827745086554,-4.445336755123157,2.6469582560714477,96.2559967989119
48.20000000000001,-4.946468717373887,0.5311629965210387,24.102219992526823,-4.263922907874538,2.7369664133184126,96.44235194155958
48.300000000000004,-4.93943900530803,0.5858139485847125,24.14696014866669,-4.123509422399966,2.688577522885719,96.53809212927762
48.4,-4.932012748599366,0.628418624872899,24.20616147831357,-4.015121050869486,2.6623972047499063,96.70502731328055
48.5,-4.93098543904749,0.6769817929113767,24.25013220153414,-3.840084090142282,2.560154296128052,96.92873089111481
48.6,-4.9259639484518605,0.7218367919195771,24.301503617024764,-3.6103525123735594,2.437207643410448,97.19852416968008
48.699999999999996,-4.897550631812321,0.7630345928143223,24.35407384466211,-3.3851856749331968,2.381301749375974,97.39158085651484
48.800000000000004,-4.879184751233827,0.8102622032330435,24.399019234474324,-3.2483266963362194,2.3111518682120775,97.61574606833858
48.9,-4.86335681332537,0.8609544723160351,24.456553916282065,-3.143452173910108,2.3227333323575796,97.86371123009515
49.0,-4.855575247353919,0.916239468961773,24.493669426403923,-3.006103905760673,2.347984986923077,98.10873848792887
49.1,-4.851282968564426,0.9660949983250839,24.54767798131171,-2.7864880850932905,2.187810330315466,98.29008555183913
49.20000000000001,-4.8468273750750335,1.0201611358653855,24.60479552598905,-2.5336848930189375,2.141458896657378,98.41947540146867
49.300000000000004,-4.835905928917069,1.0636028267114466,24.657099848359994,-2.241026969254895,1.9108680161669096,98.58040292958121
49.4,-4.821707216444627,1.1125034761089918,24.701739018026185,-2.0127093770017037,1.8966898953351452,98.8213605769073
49.5,-4.811271444736547,1.1429077710298532,24.74223887703019,-1.8474690488126828,1.741514415876484,99.0065551444107
49.6,-4.810599747090497,1.198046946910006,24.800104964407154,-1.625171020728675,1.6379977875697598,99.21995167251669
49.699999999999996,-4.807450422903808,1.2482023104965594,24.856960798205815,-1.4420896299624888,1.507838550516852,99.3823035721643
49.800000000000004,-4.796691120036368,1.3164193438826144,24.906795993409073,-1.1632705154436602,1.416284416933868,99.58648788060232
49.9,-4.775702502564553,1.3391122096716106,24.959830257986553,-0.9455998797917341,1.2734971471008807,99.73923160537284
50.0,-4.743109590888166,1.398697846922176,25.014890722937775,-0.5991441856064391,1.209023814741568,99.94829082543073
50.1,-4.728709255296489,1.4389450858769035,25.06436159978298,-0.23436376024330022,1.073722486181713,100.16298349946261
50.20000000000001,-4.716147189531466,1.5133259652842623,25.108521738961773,0.02686977584340976,0.9744006069628739,100.4254070333733
50.300000000000004,-4.717754286464565,1.5400040008229852,25.155607564690087,0.20399917936603337,0.8205542510094691,100.59685453970474
50.4,-4.6957430684234325,1.592396854988487,25.215541319876532,0.36769479029055524,0.7610865843150854,100.839582048727
50.5,-4.687037165559409,1.6252024120888684,25.26626547926477,0.6257626842494705,0.6644304749888372,100.99368157370539
50.6,-4.671579408282246,1.6750272614386807,25.30528479255895,0.8684229437994819,0.5738503202480515,101.26853626005398
50.699999999999996,-4.650658274573167,1.7305825947571023,25.34999945078822,1.1556102607307224,0.3891906683820241,101.3695876664326
50.800000000000004,-4.634430147207475,1.783039421429744,25.400081134671083,1.376162950292553,0.31323873056244594,101.61330579462488
50.9,-4.608582086410499,1.8351730198540643,25.44209353306213,1.6426178168307508,0.2045994699990077,101.77208547457518
51.0,-4.590490653144658,1.8745545058201216,25.490362473114555,1.8402539419702908,0.17075458705399693,102.00382145597143
51.1,-4.567331253112264,1.9252825302020102,25.537596159634546,2.077433276463531,0.019710388354612817,102.20347558508156
51.20000000000001,-4.555511028331364,1.9707944325207365,25.601477068059282,2.3145415719802953,-0.10068514134607949,102.43027851798934
51.300000000000004,-4.538888538994648,2.0131875160923287,25.648040792415404,2.4918793947954505,-0.27858433429073737,102.5829031256089
51.4,-4.511669888509097,2.0714634219799417,25.702879644853624,2.673152047664035,-0.3486070934469914,102.78551482126323
51.5,-4.481235333608737,2.1154268447872444,25.758212878849914,2.8157416215749524,-0.5132595959233982,102.85975517159356
51.6,-4.462409679350158,2.159472892990442,25.803096434175654,3.050965343269862,-0.6092408261097414,103.10146030612127
51.699999999999996,-4.444835135418685,2.1953765487483565,25.855247141631633,3.2878111434592916,-0.7754271296656797,103.33900769136825
51.800000000000004,-4.4207685292077,2.2478320167434345,25.898787151666813,3.523805277676265,-0.8688747923819046,103.60272398426618
51.9,-4.402537750900704,2.298880693460189,25.956615797343193,3.740366859099717,-1.0045030858099058,103.79578347890333
52.0,-4.376290423820958,2.3403805141110374,26.007297541915445,3.8805045634313067,-1.101860283788399,103.93488000910713
52.1,-4.361988312946856,2.3694020417087946,26.052791595085704,4.044303589863211,-1.2140724380544607,104.22320295482568
52.20000000000001,-4.3228867588016975,2.4161511292444455,26.10510607265429,4.098949989514035,-1.318496804131646,104.40127621206575
52.300000000000004,-4.306992424055988,2.447780669185114,26.147430533126776,4.222805097580639,-1.380695921691389,104.57283047264394
52.4,-4.289567865496729,2.5007009232947435,26.209053843128945,4.3496478941037235,-1.4480701111937841,104.75381465081114
52.5,-4.278750537210949,2.527813800822233,26.25426254444379,4.52935380733678,-1.5278874528433197,105.07679413716926
52.6,-4.2474405248414735,2.577803409137705,26.320090191923182,4.636246128743597,-1.6946807461485889,105.30839009341423
52.699999999999996,-4.207348574875274,2.6204921697533288,26.363213366718828,4.702978791563187,-1.8533894026094835,105.41717394722401
52.800000000000004,-4.175774907007674,2.669913068558241,26.4084360059887,4.70466878133312,-1.943797178733952,105.62511198583307
52.9,-4.144664451506395,2.715134675852873,26.446051984104145,4.771239748803608,-1.98960138508627,105.88170777303439
53.0,-4.129880129225697,2.7654092142013678,26.495520558767733,4.859891082607069,-1.9978282418184492,106.14564109604402
53.1,-4.096283161292899,2.8077214317798,26.553182283421464,4.97401640504228,-2.1333892316831293,106.24869956768582
53.20000000000001,-4.080191839393268,2.8444306299997097,26.592536343404475,5.034622176199927,-2.2503213557734196,106.39391717659957
53.300000000000004,-4.0446280767211285,2.8809640748529755,26.637532992495725,5.026197687638304,-2.4305046757540283,106.56594027430599
53.4,-4.014631402156217,2.926445055775968,26.67508136033892,5.014386360574002,-2.496142771259353,106.80404872942442
53.5,-3.9826491990292627,2.960169860125647,26.742192148341655,4.970326627806863,-2.52408784674,107.05404975539007
53.6,-3.9508207343701915,2.9977087986454936,26.810620786953177,4.974128106880632,-2.549821146022057,107.28870899279616
53.699999999999996,-3.913982765511913,3.0341353706530563,26.86704314497345,4.957662487999886,-2.576135866901613,107.44176808007614
53.800000000000004,-3.8812515700730046,3.0797119552028462,26.909582282872364,4.953457916899024,-2.6722677159291863,107.6392845804724
53.9,-3.8418828984485742,3.1239674130207558,26.94864520814257,4.8577664627427755,-2.698204520076422,107.82040841710159
54.0,-3.8244996888527285,3.157045849934825,27.007087391616874,4.7049836086208865,-2.8057409493656933,108.07922314619638
54.1,-3.785112141703402,3.1983027422080066,27.05203051554354,4.646240161448532,-2.840046747094199,108.28222462650503
54.20000000000001,-3.7486802179323813,3.226092329572428,27.103152627674348,4.557153826396926,-2.9895453051080447,108.4347342135208
54.300000000000004,-3.7248537792222254,3.2649863421929695,27.15190808985551,4.497994746747014,-2.9919444514745717,108.61063783436862
54.4,-3.70054907870702,3.2943016673083805,27.211431071883045,4.371097956753085,-3.078937984350274,108.74403798734737
54.5,-3.672789658110052,3.322983612396625,27.261105822775473,4.249571652214431,-2.964168519990759,108.92882868148563
54.6,-3.6237729102254916,3.370302011087445,27.311278145860708,4.178573110032532,-2.95245051985208,109.14157986669602
54.699999999999996,-3.5817265732525674,3.408416397682208,27.33991596944111,4.030604234141298,-2.8982290511952162,109.44301357012746
54.800000000000004,-3.554977667819052,3.447516169959343,27.39317126079399,3.9110698327799085,-2.898644798351029,109.63393962615612
54.9,-3.518064374957245,3.4582917228805825,27.432137115622695,3.6652406600638527,-2.9623204001325956,109.82130660653429
55.0,-3.4862378563418432,3.495089132739851,27.487954444930313,3.5109391849850824,-2.920967658366943,109.95893948598398
55.1,-3.4387346465479482,3.5279342421785187,27.536843293463605,3.313997750086594,-2.937135199754167,110.22437801752272
55.20000000000001,-3.4015751500199394,3.58793553983174,27.600361521652207,3.156081893545735,-2.9051391330936127,110.42168310280717
55.300000000000004,-3.36190039556223,3.6332646906728847,27.661649417533738,2.921528313544551,-2.9125019970942048,110.55702445952316
55.4,-3.3357032652126697,3.671470170487447,27.714593897184923,2.647377705600185,-2.962665892743663,110.7606814108993
55.5,-3.303583617522056,3.709144048453959,27.766184695270425,2.460290413712242,-2.9597503322755547,110.93922688008261
55.6,-3.2713169223952465,3.7421899370295115,27.825867115058504,2.2019286846315467,-2.9906839068730613,111.10953670203152
55.699999999999996,-3.2282094199717775,3.777470127529103,27.880447714939624,1.9910744067837116,-2.9395842525099773,111.34159688461732
55.800000000000004,-3.189706190575406,3.7782711230343593,27.92464670982685,1.6965931668674694,-2.910865163673195,111.59876854451257
55.9,-3.1465082406381817,3.819097531996512,27.966383504395633,1.5333150913291274,-2.808815773542513,111.87348796724022
56.0,-3.0966000379672383,3.8437132285883613,27.994770635453843,1.3187692623990446,-2.7543438549887647,112.04130404949665
56.1,-3.0489684782753295,3.880732812072831,28.038182702259164,1.1785966374326462,-2.6575058539371486,112.24516845592575
56.20000000000001,-3.0137445756218653,3.903212297957893,28.08205816736438,0.8788269712418778,-2.6630960954801863,112.45092441192332
56.300000000000004,-2.9799354606573374,3.959282429387224,28.15721089089368,0.5959045866165463,-2.6567285209092044,112.67342250747515
56.4,-2.9485225868018987,4.009624479280952,28.20767873539833,0.259028391006558,-2.5969094072585754,112.82769583368885
56.5,-2.9196958579536685,4.0363108986083605,28.264121744745665,0.06862035175051288,-2.5750307586108065,113.06395063641537
56.6,-2.8938879451761665,4.053352016309515,28.303325362469284,-0.12942995775797084,-2.44608817270344,113.24450957545442
56.699999999999996,-2.8628110076594595,4.078748077849491,28.354788617527984,-0.3599338979320937,-2.4263349881037386,113.46089404693709
56.800000000000004,-2.8104508271139506,4.108574425071583,28.415267592418957,-0.644294915781797,-2.218282006452359,113.57482588602755
56.9,-2.76220773318394,4.134598473765219,28.457440027500457,-0.8693083927665538,-2.1039687068230606,113.77369822363984
57.0,-2.6968803181131005,4.157303614009034,28.508446727559555,-1.0585394207185903,-1.969738830976076,113.9394979949365
57.1,-2.6504028275800566,4.179109366830983,28.542196583385362,-1.2575499192454187,-1.9054521853401736,114.16055727367596
57.20000000000001,-2.609760591273782,4.199070819615463,28.58754742905545,-1.5248293572821143,-1.8724659075994523,114.32381289092204
57.300000000000004,-2.5729148437773257,4.222944709483389,28.632171585414508,-1.8408435475566438,-1.7632760436237545,114.51600355710853
57.4,-2.5470799468418313,4.238089939400422,28.686874477338836,-2.132893622928206,-1.7012681355965256,114.80810536142671
57.5,-2.5010347761540856,4.268047078148463,28.742812612583524,-2.337053693933962,-1.5640696453752192,115.0796625177702
57.6,-2.4581571796780177,4.288483365346804,28.792274933323736,-2.544087604585011,-1.4370306592521815,115.37921593223832
57.699999999999996,-2.4097558429992842,4.317135111407841,28.833146395546247,-2.775054830856551,-1.3141398949017749,115.46762705148592
57.800000000000004,-2.3599384363736835,4.343277058280631,28.885454373225503,-2.978317784596852,-1.2059583999368828,115.62562420775
57.9,-2.3188166523682265,4.382996728677136,28.93003904393112,-3.14654792108279,-1.194123471998495,115.71849503683838
58.0,-2.2674870471054898,4.419884752973659,28.994481533446862,-3.3044737717239965,-1.1392552412783716,115.936068374917
58.1,-2.226420287158653,4.431181364773145,29.04558516895062,-3.5238538744068,-1.0399849664750154,116.10308901713942
58.20000000000001,-2.168837883905569,4.437824696736127,29.095899628114392,-3.7038061982524955,-0.8672071788215622,116.38752540486094
58.300000000000004,-2.119932371810158,4.4600479637815225,29.138771194509463,-3.9004233197325906,-0.7570420460566488,116.5975075781641
58.4,-2.0773527227329125,4.485592111892098,29.183207220119296,-4.000593345585873,-0.5555762067960807,116.86372445540114
58.5,-2.0501952895005346,4.511864462169167,29.24505206018519,-4.103554126470542,-0.3901937130866331,117.04254235150603
58.6,-2.0115056954520543,4.52997825421187,29.306049790339006,-4.269094900855973,-0.21372778085803354,117.33253796584626
58.699999999999996,-1.961851937503085,4.550335252700077,29.34856301657864,-4.453883709454783,-0.17241041388181985,117.4476105139518
58.800000000000004,-1.9185230113237255,4.572340118478354,29.39720202703683,-4.651420779503,-0.1103325203347622,117.66944759229175
58.9,-1.8662103613192011,4.579124520465403,29.437198138759566,-4.713422914261084,-0.04223460962033567,117.83087432956826
59.0,-1.8285688454626774,4.600454124385059,29.504174889066874,-4.775569932955724,0.0778553116501442,118.04774317573867
59.1,-1.773120019629628,4.620302872525434,29.554829359394144,-4.852605936271776,0.21324666268210746,118.23933984562824
59.20000000000001,-1.7246420282784973,4.6365302235734225,29.60088378248633,-4.92831883676812,0.32293719152421013,118.41232998204907
59.300000000000004,-1.6676324073953472,4.660962279910991,29.64428115573888,-5.013540826877031,0.4502806818674954,118.6371934013182
59.4,-1.6271444736955196,4.675716803838661,29.687553005838605,-5.000598407477564,0.5545455831859036,118.77615777387003
59.5,-1.5839185749330653,4.706566526378425,29.749739515640858,-4.997490558939776,0.6494321393402406,118.94098262672087
59.6,-1.5499475997064565,4.721196803975228,29.802008619536448,-5.005584997210313,0.7255703992390462,119.21689223857884
59.699999999999996,-1.501937658154354,4.746021912571941,29.86999006315349,-5.011627375142898,0.831599169428368,119.44437951544315
59.800000000000004,-1.4498973291443094,4.758297737933122,29.912412276804066,-5.024702182894409,1.0712559417315837,119.69442083054248
59.9,-1.3904505461223728,4.768589359860229,29.957547487366853,-4.989771903962567,1.2299464232024928,119.79973044796071
